CALENDARYEAR,MONTHNUMBEROFYEAR,DAYNUMBEROFMONTH,CUSTOMERKEY,FIRSTNAME,LASTNAME,YEARLYINCOME,BIRTHDATE,GENDER,TOTAL_QUANTITY
2008,3,14,11277,Charles,Jackson,80000,1967-06-10,M,3
2008,4,19,16680,Carlos,Edwards,70000,1967-03-16,M,2
2008,5,25,20034,Wyatt,Turner,70000,1967-04-27,M,4
2008,1,2,14456,Benjamin,Walker,90000,1967-03-11,M,3
2008,4,25,16851,Kevin,Hayes,100000,1967-04-01,M,4
2008,2,27,29236,Eric,Young,120000,1967-04-04,M,2
2008,4,6,16854,Seth,Adams,170000,1967-08-27,M,4
2008,4,6,11706,Blake,Perez,60000,1967-02-14,M,1
2008,6,23,24409,Jackson,Hernandez,120000,1967-09-22,M,3
2008,4,26,25985,Justin,Harris,60000,1967-05-27,M,4
2008,4,6,13921,Joseph,Jones,60000,1967-05-11,M,2
2008,6,4,18267,Brad,Jai,60000,1967-05-23,M,1
2008,7,19,11277,Charles,Jackson,80000,1967-06-10,M,3
2008,4,19,18000,Ramon,She,20000,1967-11-25,M,5
2008,6,2,15529,Jason,Allen,60000,1967-07-05,M,2
2008,5,5,24107,Jonathan,Jenkins,30000,1967-04-05,M,2
2008,4,5,16283,Clayton,Raji,20000,1967-09-13,M,3
2008,4,11,23592,Joseph,Jackson,80000,1967-09-22,M,1
2008,1,17,25494,Lee,Jimenez,30000,1967-06-03,M,2
2008,6,21,15538,Luis,Lal,60000,1967-08-28,M,4
2008,1,15,11277,Charles,Jackson,80000,1967-06-10,M,1
2008,5,29,18616,Spencer,Butler,60000,1967-02-05,M,3
2008,6,28,17076,Neil,Serrano,60000,1967-11-22,M,2
2008,4,12,27710,Sean,Bailey,70000,1967-06-21,M,3
2008,1,3,16436,Ethan,Henderson,30000,1967-08-15,M,4
2008,1,18,23538,Carlos,Evans,70000,1967-07-17,M,2
2008,6,8,12369,Terrence,Lal,60000,1967-10-06,M,2
2008,2,17,14955,Jorge,Xu,20000,1967-03-03,M,2
2008,3,24,11277,Charles,Jackson,80000,1967-06-10,M,2
2008,1,9,14955,Jorge,Xu,20000,1967-03-03,M,1
2008,6,22,24406,Reginald,Vazquez,110000,1967-03-11,M,3
2008,5,6,11175,Luis,Wang,70000,1967-03-05,M,5
2008,1,3,28253,Jeremiah,Green,160000,1967-05-11,M,2
2008,5,11,12158,Kyle,Phillips,80000,1967-04-24,M,3
2008,2,11,17076,Neil,Serrano,60000,1967-11-22,M,2
2008,3,28,12369,Terrence,Lal,60000,1967-10-06,M,1
2008,7,23,27538,José,Jackson,70000,1967-02-14,M,3
2008,2,17,29235,Isaiah,Rogers,120000,1967-12-23,M,2
2008,3,16,27689,Seth,Walker,70000,1967-05-16,M,1
2008,7,8,16849,Jonathan,Collins,80000,1967-09-28,M,2
2008,6,20,22927,Jon,Guo,60000,1967-02-03,M,4
2008,4,24,14685,Lawrence,Ortega,60000,1967-09-17,M,3
2008,3,13,14959,Ross,Patel,30000,1967-01-15,M,2
2008,4,30,22299,Richard,Murphy,70000,1967-12-27,M,3
2008,1,29,23216,Kevin,Hall,60000,1967-03-07,M,5
2008,2,10,11699,Chase,Peterson,60000,1967-03-16,M,3
2008,2,9,11280,Robert,Collins,90000,1967-08-21,M,1
2008,7,28,26605,Brandon,Foster,70000,1967-02-27,M,2
2008,4,28,21096,Jon,Lin,30000,1967-09-03,M,2
2008,3,20,29238,Xavier,Powell,150000,1967-06-15,M,4
2008,1,10,29234,Kevin,Lopez,110000,1967-10-08,M,2
2008,5,18,21286,Luke,Roy,100000,1967-09-03,M,3
2008,3,10,29229,Lance,Moreno,80000,1967-10-25,M,2
2008,5,26,13103,Brendan,Raji,70000,1967-08-02,M,3
2008,3,30,25293,Eric,Gonzales,80000,1967-10-23,M,2
2008,3,30,17625,Mason,Allen,70000,1967-06-13,M,5
2008,1,30,23476,Charles,Hall,80000,1967-11-23,M,1
2008,1,21,25974,Noah,Jai,70000,1967-04-05,M,2
2008,1,13,25979,Miguel,Edwards,70000,1967-02-02,M,1
2008,6,5,26867,Danny,Romero,40000,1967-11-15,M,3
2008,6,15,18615,Charles,Peterson,70000,1967-03-13,M,3
2008,4,4,17999,Byron,Romero,20000,1967-06-25,M,2
2008,5,16,14831,Gilbert,Xie,40000,1967-02-06,M,4
2008,5,1,17416,Raymond,Suri,100000,1967-05-18,M,3
2008,7,20,22682,Willie,Luo,30000,1967-11-26,M,1
2008,2,26,26074,Isaac,Reed,80000,1967-10-16,M,2
2008,3,13,28157,Elijah,Edwards,70000,1967-04-26,M,2
2008,6,19,15532,Marshall,Jai,60000,1967-02-04,M,4
2008,2,24,25497,Marcus,Torres,40000,1967-12-01,M,1
2008,5,6,11277,Charles,Jackson,80000,1967-06-10,M,2
2008,4,22,26133,Jesse,Hall,70000,1967-07-11,M,2
2008,4,15,15228,Jermaine,Raman,70000,1967-11-02,M,3
2008,7,2,27629,Jose,Bryant,90000,1967-07-22,M,3
2008,5,7,16280,Glenn,Ma,10000,1967-08-19,M,2
2008,1,10,28398,Shawn,Lal,30000,1967-02-05,M,3
2008,3,23,12488,Jay,Garcia,20000,1967-05-12,M,1
2008,3,3,23372,Jack,Diaz,60000,1967-03-09,M,3
2008,4,9,26740,Donald,Lopez,60000,1967-11-21,M,2
2008,2,11,14685,Lawrence,Ortega,60000,1967-09-17,M,1
2008,2,16,25498,Shane,Kapoor,40000,1967-06-13,M,3
2008,4,25,20329,Jose,Yang,160000,1967-12-12,M,1
2008,1,14,14617,Aaron,Flores,60000,1967-02-03,M,4
2008,5,13,14832,Barry,Rana,40000,1967-11-05,M,3
2008,4,14,16420,Eddie,Alonso,20000,1967-11-19,M,2
2008,3,23,25651,Alvin,Yuan,40000,1967-06-16,M,3
2008,1,8,14613,Glenn,Huang,60000,1967-08-09,M,4
2008,7,17,18385,Miguel,Gonzalez,110000,1967-06-19,M,1
2008,4,30,15227,Harold,Malhotra,70000,1967-06-15,M,5
2008,1,11,11852,Kyle,Russell,60000,1967-10-25,M,3
2008,2,12,22498,Pedro,Jimenez,20000,1967-10-28,M,4
2008,4,7,16428,Ryan,Ross,20000,1967-03-28,M,4
2008,2,7,22070,Eduardo,Brown,110000,1967-07-02,M,2
2008,4,24,23210,Timothy,Gray,70000,1967-11-23,M,3
2008,1,23,15957,Samuel,Ross,130000,1967-11-15,M,2
2008,3,14,11855,Christian,Walker,60000,1967-08-13,M,1
2008,3,6,21102,Willie,Zheng,40000,1967-03-02,M,4
2008,3,7,21218,Wyatt,Rodriguez,70000,1967-06-13,M,3
2008,1,2,16422,Kurt,Xu,20000,1967-03-27,M,2
2008,6,24,12849,Adam,Baker,30000,1967-02-26,M,3
2008,1,28,19829,Lucas,Mitchell,60000,1967-09-03,M,4
2008,3,5,15535,Jordan,Scott,70000,1967-11-01,M,2
2008,2,11,14065,Samuel,Diaz,70000,1967-07-27,M,2
2008,5,25,17006,Hunter,Williams,70000,1967-02-07,M,4
2008,1,27,14457,Thomas,White,120000,1967-02-07,M,4
2008,2,28,11986,Max,Alvarez,70000,1967-07-24,M,4
2008,2,4,12715,Eddie,Gill,60000,1967-07-18,M,1
2008,1,10,17077,Ronald,Raman,60000,1967-02-28,M,1
2008,1,6,17809,Josue,Blanco,10000,1967-02-26,M,5
2008,5,13,20035,Cesar,Fernandez,70000,1967-03-01,M,1
2008,3,13,13821,Allen,Lopez,40000,1967-05-15,M,4
2008,4,3,27453,Carson,Henderson,80000,1967-11-03,M,2
2008,3,5,11852,Kyle,Russell,60000,1967-10-25,M,1
2008,2,3,14809,Max,Suarez,20000,1967-04-07,M,3
2008,4,12,17825,Clayton,Li,40000,1967-10-15,M,4
2008,6,16,25077,Wyatt,Clark,60000,1967-08-09,M,2
2008,1,5,11277,Charles,Jackson,80000,1967-06-10,M,5
2008,1,3,22674,Troy,Prasad,30000,1967-06-23,M,2
2008,2,12,25983,Jack,Alexander,70000,1967-08-22,M,2
2008,5,30,24408,Jordan,Diaz,110000,1967-07-10,M,4
2008,5,7,14975,Dalton,Scott,40000,1967-07-03,M,5
2008,5,21,17002,Dylan,Martin,70000,1967-12-15,M,4
2008,1,1,20236,Cesar,Chandra,60000,1967-03-14,M,1
2008,6,30,21975,Alfredo,Ruiz,60000,1967-01-05,M,2
2008,3,10,24106,Kelvin,Shan,30000,1967-12-01,M,2
2008,1,24,25214,Roger,Chander,70000,1967-02-04,M,3
2008,7,2,13797,Franklin,Gao,20000,1967-06-07,M,2
2008,2,1,12715,Eddie,Gill,60000,1967-07-18,M,2
2008,6,15,27685,Alfredo,Torres,60000,1967-11-17,M,3
2008,5,12,14824,Miguel,Baker,30000,1967-11-17,M,3
2008,5,26,11277,Charles,Jackson,80000,1967-06-10,M,1
2008,4,24,14619,Nathaniel,Sanders,60000,1967-02-26,M,2
2008,5,9,11277,Charles,Jackson,80000,1967-06-10,M,2
2008,2,9,20703,Seth,White,70000,1967-05-26,M,2
2008,5,3,22519,Logan,Hughes,40000,1967-11-11,M,4
2008,6,24,24475,Gilbert,Zhou,70000,1967-06-15,M,3
2008,2,10,11277,Charles,Jackson,80000,1967-06-10,M,3
2008,3,17,22673,Andy,Gill,30000,1967-11-12,M,4
2008,6,13,13928,Nathaniel,Morris,60000,1967-07-22,M,2
2008,6,11,20033,Carlos,Turner,70000,1967-10-18,M,3
2008,2,1,15378,Devin,Ward,80000,1967-03-06,M,1
2008,5,25,17420,Thomas,Hughes,150000,1967-11-05,M,5
2008,1,30,20930,Drew,Chande,40000,1967-06-14,M,3
2008,7,31,27686,Vincent,Zhang,60000,1967-05-19,M,3
2008,6,22,28152,Ian,Rivera,70000,1967-03-01,M,3
2008,4,19,16114,Gavin,Ross,70000,1967-03-14,M,1
2008,5,28,13104,Gregory,Becker,70000,1967-04-12,M,3
2008,5,29,12836,Rodney,Munoz,20000,1967-03-03,M,3
2008,5,7,24458,Frederick,Rodriguez,70000,1967-06-21,M,1
2008,7,10,11277,Charles,Jackson,80000,1967-06-10,M,2
2008,4,3,11596,Roger,Raje,40000,1967-09-03,M,3
2008,4,16,23479,Fernando,Robinson,90000,1967-08-16,M,4
2008,3,12,26131,Lawrence,Suarez,60000,1967-10-26,M,4
2008,4,3,16112,Frank,Munoz,70000,1967-03-05,M,4
2008,6,18,28078,Jack,Young,80000,1967-09-13,M,4
2008,6,22,18818,Lucas,Torres,130000,1967-03-16,M,3
2008,4,14,16113,Roger,Lal,70000,1967-02-13,M,5
2008,1,21,27811,Darren,Vazquez,40000,1967-08-11,M,2
2008,1,2,11280,Robert,Collins,90000,1967-08-21,M,3
2008,5,1,28399,Dale,Deng,30000,1967-07-19,M,3
2008,5,3,20325,Charles,Williams,130000,1967-01-20,M,2
2008,7,3,11856,Seth,Hernandez,60000,1967-08-17,M,3
2008,4,3,20704,Shane,Rodriguez,70000,1967-02-21,M,4
2008,4,26,15378,Devin,Ward,80000,1967-03-06,M,3
2008,5,25,16847,Eduardo,Hall,80000,1967-03-23,M,2
2008,5,30,14823,Nelson,Harrison,30000,1967-12-28,M,3
2008,7,28,17305,Neil,Torres,60000,1967-03-07,M,1
2008,5,12,17414,Nicholas,Garcia,90000,1967-07-24,M,1
2008,6,5,28250,Tyrone,Dominguez,100000,1967-05-18,M,2
2008,2,28,18268,Preston,Chapman,60000,1967-01-27,M,5
2008,6,6,14612,Ernest,Zhang,60000,1967-07-20,M,2
2008,4,28,11472,Kenneth,Kumar,60000,1967-04-03,M,3
2008,6,2,15528,Lucas,Ramirez,60000,1967-04-07,M,3
2008,5,14,18001,Ross,Suri,20000,1967-07-14,M,3
2008,7,17,11277,Charles,Jackson,80000,1967-06-10,M,3
2008,6,9,20708,Devin,Thompson,70000,1967-09-10,M,3
2008,5,17,13922,Jackson,Foster,60000,1967-05-07,M,2
2008,3,4,12158,Kyle,Phillips,80000,1967-04-24,M,3
2008,5,26,17417,Lee,Munoz,100000,1967-10-16,M,2
2008,3,3,26602,Noah,Yang,70000,1967-10-04,M,2
2008,6,9,13668,Stanley,Martinez,60000,1967-10-07,M,1
2008,6,16,12369,Terrence,Lal,60000,1967-10-06,M,3
2008,2,9,12004,Jarrod,Suri,70000,1967-12-20,M,2
2008,6,21,15531,Calvin,Raji,60000,1967-06-14,M,2
2008,1,29,29047,Jack,Lopez,80000,1967-06-02,M,3
2008,2,9,11277,Charles,Jackson,80000,1967-06-10,M,3
2008,4,27,20913,Wesley,Liu,30000,1967-05-01,M,3
2008,6,12,16288,Edwin,Shen,30000,1967-08-24,M,2
2008,4,2,15855,Noah,Jones,80000,1967-04-17,M,3
2008,2,6,20709,Samuel,Evans,70000,1967-06-12,M,3
2008,1,21,20702,Oscar,Ross,70000,1967-09-08,M,2
2008,3,27,13820,Danny,Alvarez,40000,1967-10-08,M,2
2008,2,10,16680,Carlos,Edwards,70000,1967-03-16,M,3
2008,3,11,18018,Peter,Xie,30000,1967-04-05,M,2
2008,7,27,28406,Gerald,Srini,30000,1967-03-23,M,3
2008,3,26,23215,Juan,Richardson,70000,1967-10-17,M,4
2008,2,4,23539,Darren,Munoz,70000,1967-01-04,M,1
2008,7,3,18812,Kyle,Adams,80000,1967-04-06,M,4
2008,6,14,12158,Kyle,Phillips,80000,1967-04-24,M,2
2008,4,16,22520,Rodney,Torres,40000,1967-07-10,M,3
2008,3,5,27709,Clifford,Lopez,70000,1967-04-13,M,3
2008,3,8,15534,Steven,Bell,70000,1967-09-22,M,4
2008,5,30,15956,Ryan,Li,130000,1967-05-17,M,1
2008,6,14,25501,Shawn,Jai,40000,1967-03-22,M,2
2008,2,3,17823,Ramon,Gao,30000,1967-06-13,M,3
2008,6,1,23477,Marcus,Phillips,90000,1967-09-14,M,3
2008,5,17,12158,Kyle,Phillips,80000,1967-04-24,M,3
2008,6,19,22926,Keith,Yuan,60000,1967-02-08,M,2
2008,6,1,11856,Seth,Hernandez,60000,1967-08-17,M,2
2008,3,10,11277,Charles,Jackson,80000,1967-06-10,M,1
2008,6,10,20931,Brian,Sanchez,40000,1967-10-15,M,5
2008,6,6,16849,Jonathan,Collins,80000,1967-09-28,M,2
2008,3,2,23916,Ruben,Serrano,10000,1967-06-08,M,1
2008,4,27,11277,Charles,Jackson,80000,1967-06-10,M,2
2008,4,20,25170,Logan,Walker,90000,1967-05-18,M,1
2008,1,20,12372,Darren,Prasad,60000,1967-09-18,M,1
2008,3,17,15954,Marshall,Deng,100000,1967-08-27,M,3
2008,6,12,18386,Kevin,Shan,120000,1967-05-26,M,3
2008,6,8,18525,Jack,Lal,60000,1967-04-02,M,2
2008,7,25,23931,Reginald,Ruiz,30000,1967-06-02,M,3
2008,6,15,17825,Clayton,Li,40000,1967-10-15,M,4
2008,3,2,27789,Nicolas,Goldberg,20000,1967-08-03,M,3
2008,1,17,11277,Charles,Jackson,80000,1967-06-10,M,4
2008,5,27,20930,Drew,Chande,40000,1967-06-14,M,3
2008,5,18,25212,Alberto,Ruiz,60000,1967-07-02,M,3
2008,1,11,18814,Evan,Adams,90000,1967-07-17,M,1
2008,2,2,14685,Lawrence,Ortega,60000,1967-09-17,M,2
2008,6,26,18271,Darrell,Yuan,70000,1967-06-18,M,3
2008,5,26,19468,Ramon,Lin,10000,1967-08-08,M,2
2007,4,1,17824,Mario,Pal,30000,1967-05-02,M,1
2007,10,29,21288,Hunter,Hall,130000,1967-06-13,M,2
2007,5,5,19473,Roger,Chande,20000,1967-08-26,M,1
2007,2,24,17813,Jay,Nicholls,30000,1967-07-03,M,1
2007,9,30,21653,Jose,Anderson,70000,1967-01-04,M,4
2007,11,20,27630,Xavier,Coleman,110000,1967-10-25,M,3
2007,8,26,15378,Devin,Ward,80000,1967-03-06,M,5
2007,10,10,18271,Darrell,Yuan,70000,1967-06-18,M,1
2007,4,29,16288,Edwin,Shen,30000,1967-08-24,M,1
2007,2,25,26740,Donald,Lopez,60000,1967-11-21,M,1
2007,4,15,18000,Ramon,She,20000,1967-11-25,M,1
2007,11,11,21105,Cory,Sara,40000,1967-05-06,M,2
2007,8,14,13668,Stanley,Martinez,60000,1967-10-07,M,2
2007,9,17,21654,Aidan,Barnes,70000,1967-11-27,M,4
2007,10,5,18387,Carlos,Green,130000,1967-08-13,M,1
2007,10,14,18617,Carlos,Lopez,60000,1967-08-03,M,3
2007,2,18,23539,Darren,Munoz,70000,1967-01-04,M,1
2007,7,20,19170,Luis,Campbell,60000,1967-11-11,M,4
2007,4,6,19471,Bryant,Martinez,20000,1967-05-03,M,1
2007,11,2,19161,Jeremiah,Hughes,70000,1967-10-06,M,5
2007,10,8,14065,Samuel,Diaz,70000,1967-07-27,M,1
2007,9,2,12505,Dalton,Martin,40000,1967-02-03,M,2
2007,9,19,21103,Francis,Hernandez,40000,1967-07-24,M,4
2007,9,3,17077,Ronald,Raman,60000,1967-02-28,M,4
2007,9,9,13925,Wyatt,Barnes,60000,1967-10-12,M,2
2007,5,3,14456,Benjamin,Walker,90000,1967-03-11,M,1
2007,4,24,17825,Clayton,Li,40000,1967-10-15,M,1
2007,9,16,11277,Charles,Jackson,80000,1967-06-10,M,3
2007,5,31,25214,Roger,Chander,70000,1967-02-04,M,1
2007,5,16,27453,Carson,Henderson,80000,1967-11-03,M,1
2007,11,19,13439,Arturo,Lin,110000,1967-03-16,M,2
2007,11,16,13800,Logan,Li,30000,1967-08-02,M,2
2007,8,27,22952,Luke,Baker,70000,1967-05-09,M,2
2007,8,16,29290,Troy,Garcia,60000,1967-10-15,M,1
2007,4,4,12854,Reginald,Romero,40000,1967-05-23,M,1
2007,11,6,13926,Dalton,Hill,60000,1967-07-24,M,2
2007,12,12,22681,Tristan,Barnes,30000,1967-11-20,M,5
2007,12,19,13104,Gregory,Becker,70000,1967-04-12,M,4
2007,12,10,28400,Cedric,Anand,30000,1967-02-23,M,2
2007,9,12,27788,Brent,Lin,10000,1967-08-24,M,2
2007,2,6,15531,Calvin,Raji,60000,1967-06-14,M,1
2007,12,4,19692,Aaron,Edwards,110000,1967-11-15,M,2
2007,12,13,12855,Philip,Diaz,40000,1967-02-03,M,4
2007,12,20,16700,Billy,Gill,70000,1967-06-21,M,2
2007,12,3,22497,Casey,Gomez,10000,1967-05-12,M,2
2007,11,19,22683,David,Garcia,30000,1967-09-03,M,3
2007,8,2,29307,Ross,Malhotra,70000,1967-03-05,M,2
2007,12,15,14806,Damien,Jai,10000,1967-05-07,M,4
2007,9,22,20323,Justin,Coleman,90000,1967-10-02,M,4
2007,8,17,21648,Ronnie,Sun,70000,1967-10-13,M,2
2007,2,6,15529,Jason,Allen,60000,1967-07-05,M,1
2007,9,24,19500,Russell,Shan,40000,1967-05-17,M,2
2007,10,29,12004,Jarrod,Suri,70000,1967-12-20,M,1
2007,9,21,13927,Gabriel,Gonzales,60000,1967-12-08,M,2
2007,6,3,14457,Thomas,White,120000,1967-02-07,M,1
2007,9,26,12162,Luke,Mitchell,120000,1967-12-20,M,3
2007,12,26,11109,Ruben,Kapoor,70000,1967-11-05,M,2
2007,9,30,12951,Blake,Simmons,40000,1967-12-06,M,2
2007,4,2,12857,Raul,Kumar,40000,1967-08-17,M,1
2007,9,4,23523,Steve,Liu,60000,1967-08-19,M,2
2007,10,10,11277,Charles,Jackson,80000,1967-06-10,M,2
2007,9,13,19471,Bryant,Martinez,20000,1967-05-03,M,2
2007,6,30,21655,Zachary,Bryant,70000,1967-06-21,M,1
2007,11,22,29309,Rodney,Navarro,70000,1967-04-01,M,2
2007,7,2,22687,Javier,Jiménez,40000,1967-11-11,M,2
2007,11,28,17810,Frederick,Prasad,10000,1967-02-07,M,2
2007,10,28,25171,Christopher,Rodriguez,90000,1967-03-22,M,2
2007,11,4,28308,Hector,Serrano,60000,1967-10-07,M,4
2007,10,17,11472,Kenneth,Kumar,60000,1967-04-03,M,2
2007,8,12,21190,Pablo,Rovira Diez,70000,1967-02-23,M,3
2007,9,13,12715,Eddie,Gill,60000,1967-07-18,M,3
2007,12,29,16281,Gilbert,Luo,10000,1967-01-06,M,3
2007,12,11,15955,Neil,Ortega,110000,1967-11-17,M,2
2007,10,23,19352,Arturo,Chen,30000,1967-11-12,M,2
2007,10,24,19351,Edgar,Vance,30000,1967-04-22,M,1
2007,12,13,21977,Phillip,Malhotra,70000,1967-07-21,M,3
2007,12,16,25981,Isaiah,Howard,70000,1967-11-15,M,2
2007,9,2,12164,Noah,Butler,150000,1967-04-13,M,2
2007,5,4,13925,Wyatt,Barnes,60000,1967-10-12,M,1
2007,10,3,12213,Alejandro,Lal,10000,1967-02-02,M,4
2007,8,14,21647,Blake,Brown,70000,1967-02-04,M,4
2007,9,5,12163,Aaron,Wang,150000,1967-09-05,M,3
2007,12,7,12854,Reginald,Romero,40000,1967-05-23,M,4
2007,9,2,18812,Kyle,Adams,80000,1967-04-06,M,1
2007,12,13,23938,Harold,Madan,40000,1967-10-02,M,1
2007,12,27,23481,Dustin,Xu,100000,1967-06-15,M,1
2007,9,30,23591,Justin,Henderson,80000,1967-01-25,M,2
2007,11,5,26849,Billy,Martin,10000,1967-01-18,M,2
2007,5,23,19500,Russell,Shan,40000,1967-05-17,M,1
2007,8,22,21646,Luis,Bryant,70000,1967-06-05,M,3
2007,10,8,12372,Darren,Prasad,60000,1967-09-18,M,2
2007,11,24,19612,Marvin,Sanz,70000,1967-02-26,M,2
2007,9,6,22671,Wyatt,King,30000,1967-04-08,M,2
2007,9,20,11011,Curtis,Lu,60000,1967-11-04,M,2
2007,7,2,27820,Joel,Patel,40000,1967-07-10,M,2
2007,7,29,11011,Curtis,Lu,60000,1967-11-04,M,1
2007,12,25,26608,Aaron,Nelson,60000,1967-07-17,M,4
2007,7,7,11278,Jonathan,Phillips,90000,1967-08-20,M,2
2007,10,26,22513,Kenneth,Anand,30000,1967-04-15,M,2
2007,11,18,29310,Armando,Gutierrez,70000,1967-10-23,M,2
2007,8,14,12370,Preston,Perez,60000,1967-06-27,M,1
2007,2,23,23538,Carlos,Evans,70000,1967-07-17,M,1
2007,10,29,11855,Christian,Walker,60000,1967-08-13,M,2
2007,8,3,17305,Neil,Torres,60000,1967-03-07,M,4
2007,8,8,26861,Bruce,Gutierrez,30000,1967-11-20,M,3
2007,7,15,11109,Ruben,Kapoor,70000,1967-11-05,M,5
2007,12,2,22291,Carlos,Morris,70000,1967-02-26,M,2
2007,11,11,11277,Charles,Jackson,80000,1967-06-10,M,4
2007,2,7,14065,Samuel,Diaz,70000,1967-07-27,M,1
2007,10,24,25629,Micheal,Serrano,10000,1967-10-07,M,2
2007,5,13,19499,Shawn,Black,40000,1967-11-23,M,1
2007,8,18,28323,Nathan,Moore,70000,1967-06-02,M,1
2007,6,8,16436,Ethan,Henderson,30000,1967-08-15,M,1
2007,5,5,20913,Wesley,Liu,30000,1967-05-01,M,1
2007,12,18,19659,Wyatt,Robinson,70000,1967-11-22,M,4
2007,9,21,17306,Edgar,Prasad,60000,1967-01-13,M,1
2007,10,26,11701,David,Hayes,60000,1967-08-24,M,1
2007,12,3,19473,Roger,Chande,20000,1967-08-26,M,3
2007,8,7,19168,Nathan,Kumar,70000,1967-10-19,M,2
2007,10,18,11277,Charles,Jackson,80000,1967-06-10,M,3
2007,8,5,20237,Hunter,Yang,70000,1967-02-19,M,1
2007,11,25,17306,Edgar,Prasad,60000,1967-01-13,M,3
2007,10,2,22072,Devin,Russell,160000,1967-08-04,M,4
2007,12,10,13103,Brendan,Raji,70000,1967-08-02,M,4
2007,12,7,17813,Jay,Nicholls,30000,1967-07-03,M,4
2007,12,4,12835,Karl,Yuan,10000,1967-09-22,M,2
2007,2,19,20931,Brian,Sanchez,40000,1967-10-15,M,1
2007,12,12,12836,Rodney,Munoz,20000,1967-03-03,M,1
2007,4,9,12855,Philip,Diaz,40000,1967-02-03,M,1
2007,12,2,17824,Mario,Pal,30000,1967-05-02,M,5
2007,12,4,12370,Preston,Perez,60000,1967-06-27,M,2
2007,12,16,28251,Joe,Rubio,100000,1967-01-18,M,1
2007,6,25,24475,Gilbert,Zhou,70000,1967-06-15,M,1
2007,2,24,15535,Jordan,Scott,70000,1967-11-01,M,1
2007,5,12,24458,Frederick,Rodriguez,70000,1967-06-21,M,1
2007,7,23,19362,Karl,Raje,40000,1967-08-13,M,1
2007,9,25,21655,Zachary,Bryant,70000,1967-06-21,M,3
2007,10,28,21095,Lance,Munoz,30000,1967-12-06,M,3
2007,2,28,15532,Marshall,Jai,60000,1967-02-04,M,1
2007,2,17,23523,Steve,Liu,60000,1967-08-19,M,1
2007,12,9,26850,Terry,Luo,20000,1967-06-19,M,2
2007,8,19,21650,Cedric,Zeng,70000,1967-11-23,M,3
2007,9,27,12370,Preston,Perez,60000,1967-06-27,M,3
2007,10,14,19595,Carl,Raji,70000,1967-03-16,M,5
2007,5,23,13927,Gabriel,Gonzales,60000,1967-12-08,M,1
2007,11,5,11701,David,Hayes,60000,1967-08-24,M,3
2007,8,24,11277,Charles,Jackson,80000,1967-06-10,M,6
2007,5,3,21103,Francis,Hernandez,40000,1967-07-24,M,1
2007,8,10,13668,Stanley,Martinez,60000,1967-10-07,M,2
2007,12,14,16284,Troy,Perez,20000,1967-06-11,M,2
2007,11,8,29308,Phillip,Vance,70000,1967-07-13,M,2
2007,12,4,11277,Charles,Jackson,80000,1967-06-10,M,4
2007,8,7,19499,Shawn,Black,40000,1967-11-23,M,4
2007,10,24,14806,Damien,Jai,10000,1967-05-07,M,2
2007,2,26,15538,Luis,Lal,60000,1967-08-28,M,1
2007,7,29,29137,Jack,Allen,70000,1967-07-20,M,2
2007,8,15,12506,Preston,Sanchez,40000,1967-07-02,M,2
2007,12,21,25172,Evan,Gray,130000,1967-11-16,M,4
2007,5,24,20930,Drew,Chande,40000,1967-06-14,M,1
2007,1,31,20708,Devin,Thompson,70000,1967-09-10,M,1
2007,8,21,18267,Brad,Jai,60000,1967-05-23,M,1
2007,12,18,29138,Eduardo,Wood,70000,1967-02-13,M,2
2007,8,1,27688,Arthur,Sanz,70000,1967-06-28,M,3
2007,9,23,12372,Darren,Prasad,60000,1967-09-18,M,4
2007,11,30,11699,Chase,Peterson,60000,1967-03-16,M,2
2007,7,11,19359,Roberto,Townsend,40000,1967-08-20,M,2
2007,12,31,12857,Raul,Kumar,40000,1967-08-17,M,3
2007,10,21,16846,James,Phillips,80000,1967-05-09,M,2
2007,10,16,11277,Charles,Jackson,80000,1967-06-10,M,3
2007,12,25,23483,David,Jai,110000,1967-02-15,M,2
2007,11,1,19162,Peter,Raji,70000,1967-11-13,M,4
2007,8,6,11700,Xavier,Richardson,60000,1967-11-25,M,2
2007,10,22,11986,Max,Alvarez,70000,1967-07-24,M,6
2007,6,19,15954,Marshall,Deng,100000,1967-08-27,M,1
2007,8,22,21649,Keith,Nara,70000,1967-09-08,M,3
2007,9,24,22954,Justin,Thompson,70000,1967-03-04,M,2
2007,10,27,12504,Arthur,Gutierrez,40000,1967-02-20,M,3
2007,11,10,19614,Wyatt,Williams,70000,1967-08-04,M,4
2007,8,26,18811,Samuel,Perry,80000,1967-06-27,M,1
2007,8,16,27821,Leonard,Deng,40000,1967-09-16,M,3
2007,11,18,13287,Brandon,Rodriguez,110000,1967-09-03,M,1
2007,12,11,11700,Xavier,Richardson,60000,1967-11-25,M,3
2007,10,27,19596,Allen,Fernandez,70000,1967-05-11,M,2
2007,9,25,18811,Samuel,Perry,80000,1967-06-27,M,2
2007,12,1,28416,Roger,Black,40000,1967-12-20,M,5
2007,11,15,11277,Charles,Jackson,80000,1967-06-10,M,1
2007,11,3,26697,Manuel,Arun,100000,1967-01-14,M,1
2007,9,9,11706,Blake,Perez,60000,1967-02-14,M,1
2007,2,4,19343,Louis,Ye,30000,1967-08-03,M,1
2007,12,31,12498,Eduardo,Diaz,40000,1967-04-20,M,2
2007,8,6,11277,Charles,Jackson,80000,1967-06-10,M,1
2007,5,12,15227,Harold,Malhotra,70000,1967-06-15,M,1
2007,8,25,16846,James,Phillips,80000,1967-05-09,M,2
2007,7,26,11175,Luis,Wang,70000,1967-03-05,M,2
2007,9,18,16295,Roger,Xu,30000,1967-11-14,M,5
2007,12,16,16847,Eduardo,Hall,80000,1967-03-23,M,3
2007,9,11,21651,Sean,Cooper,70000,1967-11-13,M,4
2007,11,15,19613,Ruben,Garcia,70000,1967-09-20,M,4
2007,11,30,19660,Devin,Hill,80000,1967-02-04,M,2
2007,10,14,22068,Sean,James,100000,1967-06-15,M,3
2007,9,20,18722,Jonathon,Navarro,60000,1967-07-19,M,2
2007,12,27,16700,Billy,Gill,70000,1967-06-21,M,1
2007,11,17,11277,Charles,Jackson,80000,1967-06-10,M,1
2007,11,22,13288,Jackson,Lopez,120000,1967-09-20,M,5
2007,11,17,29306,Rafael,Anand,70000,1967-08-16,M,1
2007,9,3,13437,Ethan,Flores,90000,1967-08-26,M,3
2007,11,15,24088,Damien,He,20000,1967-04-16,M,2
2007,12,28,26869,Anne,Sims,40000,1967-08-05,M,3
2007,8,27,17810,Frederick,Prasad,10000,1967-02-07,M,4
2007,2,20,15528,Lucas,Ramirez,60000,1967-04-07,M,1
2007,11,5,14969,Julio,Vazquez,30000,1967-04-06,M,1
2007,5,23,15228,Jermaine,Raman,70000,1967-11-02,M,1
2007,8,25,28248,Eric,Scott,80000,1967-05-16,M,1
2007,5,13,21105,Cory,Sara,40000,1967-05-06,M,1
2007,11,8,22071,Gabriel,Carter,110000,1967-11-20,M,4
2007,9,3,14809,Max,Suarez,20000,1967-04-07,M,2
2007,9,29,18721,Andy,Gomez,60000,1967-06-05,M,2
2007,2,6,15534,Steven,Bell,70000,1967-09-22,M,1
2007,8,29,19343,Louis,Ye,30000,1967-08-03,M,4
2006,8,29,13288,Jackson,Lopez,120000,1967-09-20,M,1
2006,5,28,12164,Noah,Butler,150000,1967-04-13,M,1
2006,8,14,13287,Brandon,Rodriguez,110000,1967-09-03,M,1
2006,1,11,25985,Justin,Harris,60000,1967-05-27,M,1
2006,6,28,20035,Cesar,Fernandez,70000,1967-03-01,M,1
2006,12,12,16422,Kurt,Xu,20000,1967-03-27,M,1
2006,5,14,12849,Adam,Baker,30000,1967-02-26,M,1
2006,12,23,22926,Keith,Yuan,60000,1967-02-08,M,1
2006,5,25,11986,Max,Alvarez,70000,1967-07-24,M,1
2006,12,26,26608,Aaron,Nelson,60000,1967-07-17,M,1
2006,2,28,11175,Luis,Wang,70000,1967-03-05,M,1
2006,9,20,16428,Ryan,Ross,20000,1967-03-28,M,1
2006,7,24,13800,Logan,Li,30000,1967-08-02,M,1
2006,3,19,11278,Jonathan,Phillips,90000,1967-08-20,M,1
2006,12,10,26602,Noah,Yang,70000,1967-10-04,M,1
2006,4,29,20236,Cesar,Chandra,60000,1967-03-14,M,1
2006,2,10,19612,Marvin,Sanz,70000,1967-02-26,M,1
2006,12,28,13103,Brendan,Raji,70000,1967-08-02,M,1
2006,6,12,14969,Julio,Vazquez,30000,1967-04-06,M,1
2006,1,26,11472,Kenneth,Kumar,60000,1967-04-03,M,1
2006,5,18,20034,Wyatt,Turner,70000,1967-04-27,M,1
2006,1,11,14975,Dalton,Scott,40000,1967-07-03,M,1
2006,2,5,19596,Allen,Fernandez,70000,1967-05-11,M,1
2006,12,9,22954,Justin,Thompson,70000,1967-03-04,M,1
2006,1,17,29238,Xavier,Powell,150000,1967-06-15,M,1
2006,2,1,19613,Ruben,Garcia,70000,1967-09-20,M,1
2006,8,9,26131,Lawrence,Suarez,60000,1967-10-26,M,1
2006,4,20,14824,Miguel,Baker,30000,1967-11-17,M,1
2006,4,6,23592,Joseph,Jackson,80000,1967-09-22,M,1
2006,2,22,19595,Carl,Raji,70000,1967-03-16,M,1
2006,12,12,13104,Gregory,Becker,70000,1967-04-12,M,1
2006,12,10,19362,Karl,Raje,40000,1967-08-13,M,1
2006,1,8,18722,Jonathon,Navarro,60000,1967-07-19,M,1
2006,5,14,12162,Luke,Mitchell,120000,1967-12-20,M,1
2006,1,6,29140,Richard,Ward,60000,1967-11-28,M,1
2006,5,11,12004,Jarrod,Suri,70000,1967-12-20,M,1
2006,5,8,12163,Aaron,Wang,150000,1967-09-05,M,1
2006,1,9,29236,Eric,Young,120000,1967-04-04,M,1
2006,4,4,14823,Nelson,Harrison,30000,1967-12-28,M,1
2006,1,15,18721,Andy,Gomez,60000,1967-06-05,M,1
2006,9,15,25981,Isaiah,Howard,70000,1967-11-15,M,1
2006,2,22,19614,Wyatt,Williams,70000,1967-08-04,M,1
2006,1,11,25979,Miguel,Edwards,70000,1967-02-02,M,1
2006,8,15,21218,Wyatt,Rodriguez,70000,1967-06-13,M,1
2006,12,1,22927,Jon,Guo,60000,1967-02-03,M,1
2006,12,29,19359,Roberto,Townsend,40000,1967-08-20,M,1
2006,11,10,12213,Alejandro,Lal,10000,1967-02-02,M,1
2006,8,21,16420,Eddie,Alonso,20000,1967-11-19,M,1
2006,8,11,26133,Jesse,Hall,70000,1967-07-11,M,1
2005,12,31,29138,Eduardo,Wood,70000,1967-02-13,M,1
2005,12,28,14831,Gilbert,Xie,40000,1967-02-06,M,1
2005,12,15,14832,Barry,Rana,40000,1967-11-05,M,1
2005,11,10,11109,Ruben,Kapoor,70000,1967-11-05,M,1
2005,9,1,13821,Allen,Lopez,40000,1967-05-15,M,1
2005,10,29,14613,Glenn,Huang,60000,1967-08-09,M,1
2005,9,30,28152,Ian,Rivera,70000,1967-03-01,M,1
2005,11,16,18268,Preston,Chapman,60000,1967-01-27,M,1
2005,12,8,22299,Richard,Murphy,70000,1967-12-27,M,1
2005,8,31,19829,Lucas,Mitchell,60000,1967-09-03,M,1
2005,7,22,29385,Don,Lal,20000,1967-03-05,M,1
2005,8,21,28078,Jack,Young,80000,1967-09-13,M,1
2005,9,28,13820,Danny,Alvarez,40000,1967-10-08,M,1
2005,10,10,28250,Tyrone,Dominguez,100000,1967-05-18,M,1
2005,12,25,17999,Byron,Romero,20000,1967-06-25,M,1
2005,11,12,14617,Aaron,Flores,60000,1967-02-03,M,1
2005,7,2,11011,Curtis,Lu,60000,1967-11-04,M,1
2005,12,21,25974,Noah,Jai,70000,1967-04-05,M,1
